{
    "schemaVersion": null,
    "dashboardFormatVersion": "4.0",
    "name": "AutenticacionDeCajeros",
    "description": null,
    "properties": null,
    "templateEntityType": "APPLICATION_COMPONENT_NODE",
    "associatedEntityTemplates": null,
    "minutesBeforeAnchorTime": 15,
    "startDate": null,
    "endDate": null,
    "refreshInterval": 60000,
    "backgroundColor": 15856629,
    "color": 15856629,
    "height": 768,
    "width": 1864,
    "canvasType": "CANVAS_TYPE_ABSOLUTE",
    "layoutType": "",
    "widgetTemplates": [
        {
            "widgetType": "AnalyticsWidget",
            "title": null,
            "height": 200,
            "width": 300,
            "minHeight": 2,
            "minWidth": 2,
            "x": 5,
            "y": 8,
            "label": "",
            "description": "",
            "drillDownUrl": "",
            "useMetricBrowserAsDrillDown": false,
            "drillDownActionType": null,
            "backgroundColor": 16777215,
            "backgroundColors": null,
            "backgroundColorsStr": null,
            "color": 1646891,
            "fontSize": 12,
            "useAutomaticFontSize": false,
            "borderEnabled": false,
            "borderThickness": 0,
            "borderColor": 0,
            "backgroundAlpha": 0,
            "showValues": false,
            "formatNumber": true,
            "numDecimals": 2,
            "removeZeros": true,
            "compactMode": false,
            "showTimeRange": false,
            "renderIn3D": false,
            "showLegend": false,
            "legendPosition": null,
            "legendColumnCount": null,
            "startTime": null,
            "endTime": null,
            "minutesBeforeAnchorTime": 60,
            "isGlobal": true,
            "propertiesMap": null,
            "dataSeriesTemplates": null,
            "adqlQueryList": [
                "SELECT segments.userData.folio FROM transactions WHERE application = \"Autenticacion de Cajeros\" ORDER BY eventTimestamp DESC LIMIT 1"
            ],
            "analyticsWidgetType": "TABLE",
            "searchMode": "ADVANCED",
            "isStackingEnabled": false,
            "legendsLayout": null,
            "maxAllowedYAxisFields": 10,
            "maxAllowedXAxisFields": 10,
            "min": null,
            "interval": null,
            "max": null,
            "intervalType": null,
            "maxType": null,
            "minType": null,
            "showMinExtremes": null,
            "showMaxExtremes": null,
            "displayPercentileMarkers": null,
            "percentileValue1": null,
            "percentileValue2": null,
            "percentileValue3": null,
            "percentileValue4": null,
            "isShowLogYAxis": false,
            "resolution": null,
            "dataFetchSize": null,
            "percentileLine": null,
            "timeRangeInterval": null,
            "pollingInterval": null,
            "unit": null,
            "isRawQuery": true,
            "viewState": "{\"columns\":[{\"name\":\"segments.userData.folio_0\",\"width\":\"*\",\"sort\":{}}],\"scrollFocus\":{},\"selection\":[],\"grouping\":{},\"treeView\":{},\"pagination\":{\"paginationCurrentPage\":1,\"paginationPageSize\":50}}",
            "gridState": null,
            "slmConfigId": null,
            "bjId": null,
            "showInverse": false,
            "showHealth": false,
            "align": "center",
            "compareToOption": null,
            "trailingPeriod": null,
            "trailingPeriodUnit": null,
            "isIncreaseGood": null,
            "numberFormatOption": null,
            "showUnivariateLabel": true
        },
        {
            "widgetType": "AnalyticsWidget",
            "title": "Transacciones por aplicación",
            "height": 492,
            "width": 781,
            "minHeight": 2,
            "minWidth": 2,
            "x": 1078,
            "y": 243,
            "label": "",
            "description": "",
            "drillDownUrl": "",
            "useMetricBrowserAsDrillDown": false,
            "drillDownActionType": null,
            "backgroundColor": 16777215,
            "backgroundColors": null,
            "backgroundColorsStr": null,
            "color": 1646891,
            "fontSize": 12,
            "useAutomaticFontSize": false,
            "borderEnabled": false,
            "borderThickness": 0,
            "borderColor": 0,
            "backgroundAlpha": 1,
            "showValues": false,
            "formatNumber": true,
            "numDecimals": 2,
            "removeZeros": true,
            "compactMode": false,
            "showTimeRange": false,
            "renderIn3D": false,
            "showLegend": false,
            "legendPosition": null,
            "legendColumnCount": null,
            "startTime": null,
            "endTime": null,
            "minutesBeforeAnchorTime": 15,
            "isGlobal": true,
            "propertiesMap": null,
            "dataSeriesTemplates": null,
            "adqlQueryList": [
                "SELECT distinct (segments.userData.App), segments.userData.App, count(*) FROM transactions WHERE application = \"Autenticacion de Cajeros\" and segments.userData.App IS NOT NULL LIMIT 50"
            ],
            "analyticsWidgetType": "TREEMAP",
            "searchMode": "ADVANCED",
            "isStackingEnabled": false,
            "legendsLayout": "NONE",
            "maxAllowedYAxisFields": 1,
            "maxAllowedXAxisFields": 2,
            "min": null,
            "interval": null,
            "max": null,
            "intervalType": null,
            "maxType": null,
            "minType": null,
            "showMinExtremes": null,
            "showMaxExtremes": null,
            "displayPercentileMarkers": null,
            "percentileValue1": null,
            "percentileValue2": null,
            "percentileValue3": null,
            "percentileValue4": null,
            "isShowLogYAxis": false,
            "resolution": null,
            "dataFetchSize": null,
            "percentileLine": null,
            "timeRangeInterval": null,
            "pollingInterval": null,
            "unit": null,
            "isRawQuery": null,
            "viewState": null,
            "gridState": null,
            "slmConfigId": null,
            "bjId": null,
            "showInverse": false,
            "showHealth": false,
            "align": "center",
            "compareToOption": null,
            "trailingPeriod": null,
            "trailingPeriodUnit": null,
            "isIncreaseGood": null,
            "numberFormatOption": null,
            "showUnivariateLabel": true
        },
        {
            "widgetType": "AnalyticsWidget",
            "title": null,
            "height": 208,
            "width": 602,
            "minHeight": 2,
            "minWidth": 2,
            "x": 451,
            "y": 527,
            "label": "",
            "description": "",
            "drillDownUrl": "",
            "useMetricBrowserAsDrillDown": false,
            "drillDownActionType": null,
            "backgroundColor": 16777215,
            "backgroundColors": null,
            "backgroundColorsStr": null,
            "color": 1646891,
            "fontSize": 12,
            "useAutomaticFontSize": false,
            "borderEnabled": false,
            "borderThickness": 0,
            "borderColor": 0,
            "backgroundAlpha": 1,
            "showValues": false,
            "formatNumber": true,
            "numDecimals": 2,
            "removeZeros": true,
            "compactMode": false,
            "showTimeRange": false,
            "renderIn3D": false,
            "showLegend": false,
            "legendPosition": null,
            "legendColumnCount": null,
            "startTime": null,
            "endTime": null,
            "minutesBeforeAnchorTime": 60,
            "isGlobal": true,
            "propertiesMap": null,
            "dataSeriesTemplates": null,
            "adqlQueryList": [
                "SELECT distinct (segments.userData.WmCodeValue), count(*) FROM transactions WHERE application = \"Autenticacion de Cajeros\" AND segments.userData.WmCodeValue IS NOT NULL"
            ],
            "analyticsWidgetType": "TABLE",
            "searchMode": "ADVANCED",
            "isStackingEnabled": false,
            "legendsLayout": null,
            "maxAllowedYAxisFields": 10,
            "maxAllowedXAxisFields": 10,
            "min": null,
            "interval": null,
            "max": null,
            "intervalType": null,
            "maxType": null,
            "minType": null,
            "showMinExtremes": null,
            "showMaxExtremes": null,
            "displayPercentileMarkers": null,
            "percentileValue1": null,
            "percentileValue2": null,
            "percentileValue3": null,
            "percentileValue4": null,
            "isShowLogYAxis": false,
            "resolution": null,
            "dataFetchSize": null,
            "percentileLine": null,
            "timeRangeInterval": null,
            "pollingInterval": null,
            "unit": null,
            "isRawQuery": true,
            "viewState": "{\"columns\":[{\"name\":\"segments.userData.WmCodeValue_0\",\"width\":\"*\",\"sort\":{\"priority\":0,\"direction\":\"desc\"}},{\"name\":\"count_*_1\",\"width\":\"*\",\"sort\":{}}],\"scrollFocus\":{},\"selection\":[],\"grouping\":{},\"treeView\":{},\"pagination\":{\"paginationCurrentPage\":1,\"paginationPageSize\":50}}",
            "gridState": null,
            "slmConfigId": null,
            "bjId": null,
            "showInverse": false,
            "showHealth": false,
            "align": "center",
            "compareToOption": null,
            "trailingPeriod": null,
            "trailingPeriodUnit": null,
            "isIncreaseGood": null,
            "numberFormatOption": null,
            "showUnivariateLabel": true
        },
        {
            "widgetType": "AnalyticsWidget",
            "title": "WmCodeValue != 101",
            "height": 263,
            "width": 604,
            "minHeight": 2,
            "minWidth": 2,
            "x": 451,
            "y": 15,
            "label": "",
            "description": "",
            "drillDownUrl": "",
            "useMetricBrowserAsDrillDown": false,
            "drillDownActionType": null,
            "backgroundColor": 16777215,
            "backgroundColors": null,
            "backgroundColorsStr": null,
            "color": 1646891,
            "fontSize": 12,
            "useAutomaticFontSize": false,
            "borderEnabled": false,
            "borderThickness": 0,
            "borderColor": 0,
            "backgroundAlpha": 1,
            "showValues": false,
            "formatNumber": true,
            "numDecimals": 2,
            "removeZeros": true,
            "compactMode": false,
            "showTimeRange": false,
            "renderIn3D": false,
            "showLegend": false,
            "legendPosition": null,
            "legendColumnCount": null,
            "startTime": null,
            "endTime": null,
            "minutesBeforeAnchorTime": 15,
            "isGlobal": true,
            "propertiesMap": null,
            "dataSeriesTemplates": null,
            "adqlQueryList": [
                "SELECT series(eventTimestamp, \"1m\"), segments.userData.WmCodeValue, count(*) FROM transactions WHERE application = \"Autenticacion de Cajeros\" AND segments.userData.WmCodeValue != \"101\""
            ],
            "analyticsWidgetType": "AREA",
            "searchMode": "ADVANCED",
            "isStackingEnabled": false,
            "legendsLayout": "VERTICAL",
            "maxAllowedYAxisFields": 3,
            "maxAllowedXAxisFields": 1,
            "min": null,
            "interval": null,
            "max": null,
            "intervalType": null,
            "maxType": null,
            "minType": null,
            "showMinExtremes": false,
            "showMaxExtremes": false,
            "displayPercentileMarkers": false,
            "percentileValue1": null,
            "percentileValue2": null,
            "percentileValue3": null,
            "percentileValue4": null,
            "isShowLogYAxis": false,
            "resolution": null,
            "dataFetchSize": null,
            "percentileLine": null,
            "timeRangeInterval": null,
            "pollingInterval": null,
            "unit": 0,
            "isRawQuery": false,
            "viewState": null,
            "gridState": null,
            "slmConfigId": null,
            "bjId": null,
            "showInverse": false,
            "showHealth": false,
            "align": "center",
            "compareToOption": null,
            "trailingPeriod": null,
            "trailingPeriodUnit": null,
            "isIncreaseGood": null,
            "numberFormatOption": null,
            "showUnivariateLabel": true
        },
        {
            "widgetType": "AnalyticsWidget",
            "title": "WmCodeValue !=101 por aplicación",
            "height": 213,
            "width": 604,
            "minHeight": 2,
            "minWidth": 2,
            "x": 451,
            "y": 294,
            "label": "",
            "description": "",
            "drillDownUrl": "",
            "useMetricBrowserAsDrillDown": false,
            "drillDownActionType": null,
            "backgroundColor": 16777215,
            "backgroundColors": null,
            "backgroundColorsStr": null,
            "color": 3342336,
            "fontSize": 12,
            "useAutomaticFontSize": false,
            "borderEnabled": false,
            "borderThickness": 0,
            "borderColor": 0,
            "backgroundAlpha": 1,
            "showValues": false,
            "formatNumber": true,
            "numDecimals": 2,
            "removeZeros": true,
            "compactMode": false,
            "showTimeRange": false,
            "renderIn3D": false,
            "showLegend": false,
            "legendPosition": null,
            "legendColumnCount": null,
            "startTime": null,
            "endTime": null,
            "minutesBeforeAnchorTime": 15,
            "isGlobal": true,
            "propertiesMap": null,
            "dataSeriesTemplates": null,
            "adqlQueryList": [
                "SELECT series(eventTimestamp, \"1m\"), segments.userData.App, count(*) FROM transactions WHERE application = \"Autenticacion de Cajeros\" AND segments.userData.WmCodeValue != \"101\" AND segments.userData.WmCodeValue IS NOT NULL"
            ],
            "analyticsWidgetType": "AREA",
            "searchMode": "ADVANCED",
            "isStackingEnabled": true,
            "legendsLayout": "VERTICAL",
            "maxAllowedYAxisFields": 3,
            "maxAllowedXAxisFields": 1,
            "min": null,
            "interval": null,
            "max": null,
            "intervalType": null,
            "maxType": null,
            "minType": null,
            "showMinExtremes": false,
            "showMaxExtremes": false,
            "displayPercentileMarkers": false,
            "percentileValue1": null,
            "percentileValue2": null,
            "percentileValue3": null,
            "percentileValue4": null,
            "isShowLogYAxis": false,
            "resolution": null,
            "dataFetchSize": null,
            "percentileLine": null,
            "timeRangeInterval": null,
            "pollingInterval": null,
            "unit": 0,
            "isRawQuery": false,
            "viewState": null,
            "gridState": null,
            "slmConfigId": null,
            "bjId": null,
            "showInverse": false,
            "showHealth": false,
            "align": "center",
            "compareToOption": null,
            "trailingPeriod": null,
            "trailingPeriodUnit": null,
            "isIncreaseGood": null,
            "numberFormatOption": null,
            "showUnivariateLabel": true
        },
        {
            "widgetType": "AnalyticsWidget",
            "title": "WmCodeValue = 101",
            "height": 183,
            "width": 248,
            "minHeight": 2,
            "minWidth": 2,
            "x": 1077,
            "y": 18,
            "label": "",
            "description": "",
            "drillDownUrl": "",
            "useMetricBrowserAsDrillDown": false,
            "drillDownActionType": null,
            "backgroundColor": 16777215,
            "backgroundColors": null,
            "backgroundColorsStr": null,
            "color": 1646891,
            "fontSize": 12,
            "useAutomaticFontSize": false,
            "borderEnabled": false,
            "borderThickness": 0,
            "borderColor": 0,
            "backgroundAlpha": 1,
            "showValues": false,
            "formatNumber": true,
            "numDecimals": 2,
            "removeZeros": true,
            "compactMode": false,
            "showTimeRange": false,
            "renderIn3D": false,
            "showLegend": false,
            "legendPosition": null,
            "legendColumnCount": null,
            "startTime": null,
            "endTime": null,
            "minutesBeforeAnchorTime": 15,
            "isGlobal": true,
            "propertiesMap": null,
            "dataSeriesTemplates": null,
            "adqlQueryList": [
                "SELECT count(*) FROM transactions WHERE application = \"Autenticacion de Cajeros\" AND segments.userData.WmCodeValue = \"101\""
            ],
            "analyticsWidgetType": "NUMERIC",
            "searchMode": "ADVANCED",
            "isStackingEnabled": false,
            "legendsLayout": null,
            "maxAllowedYAxisFields": 1,
            "maxAllowedXAxisFields": 0,
            "min": null,
            "interval": null,
            "max": null,
            "intervalType": null,
            "maxType": null,
            "minType": null,
            "showMinExtremes": false,
            "showMaxExtremes": false,
            "displayPercentileMarkers": false,
            "percentileValue1": null,
            "percentileValue2": null,
            "percentileValue3": null,
            "percentileValue4": null,
            "isShowLogYAxis": false,
            "resolution": null,
            "dataFetchSize": null,
            "percentileLine": null,
            "timeRangeInterval": null,
            "pollingInterval": null,
            "unit": 0,
            "isRawQuery": false,
            "viewState": null,
            "gridState": null,
            "slmConfigId": null,
            "bjId": null,
            "showInverse": false,
            "showHealth": false,
            "align": "center",
            "compareToOption": "Previous period",
            "trailingPeriod": 1,
            "trailingPeriodUnit": "Mins",
            "isIncreaseGood": null,
            "numberFormatOption": "Automatic",
            "showUnivariateLabel": true
        },
        {
            "widgetType": "AnalyticsWidget",
            "title": "WmCodeValue = 101",
            "height": 183,
            "width": 248,
            "minHeight": 2,
            "minWidth": 2,
            "x": 1344,
            "y": 17,
            "label": "",
            "description": "",
            "drillDownUrl": "",
            "useMetricBrowserAsDrillDown": false,
            "drillDownActionType": null,
            "backgroundColor": 16777215,
            "backgroundColors": null,
            "backgroundColorsStr": null,
            "color": 1646891,
            "fontSize": 12,
            "useAutomaticFontSize": false,
            "borderEnabled": false,
            "borderThickness": 0,
            "borderColor": 0,
            "backgroundAlpha": 1,
            "showValues": false,
            "formatNumber": true,
            "numDecimals": 2,
            "removeZeros": true,
            "compactMode": false,
            "showTimeRange": false,
            "renderIn3D": false,
            "showLegend": false,
            "legendPosition": null,
            "legendColumnCount": null,
            "startTime": null,
            "endTime": null,
            "minutesBeforeAnchorTime": 15,
            "isGlobal": true,
            "propertiesMap": null,
            "dataSeriesTemplates": null,
            "adqlQueryList": [
                "SELECT count(*) FROM transactions WHERE application = \"Autenticacion de Cajeros\" AND segments.userData.WmCodeValue = \"101\""
            ],
            "analyticsWidgetType": "NUMERIC",
            "searchMode": "ADVANCED",
            "isStackingEnabled": false,
            "legendsLayout": null,
            "maxAllowedYAxisFields": 1,
            "maxAllowedXAxisFields": 0,
            "min": null,
            "interval": null,
            "max": null,
            "intervalType": null,
            "maxType": null,
            "minType": null,
            "showMinExtremes": false,
            "showMaxExtremes": false,
            "displayPercentileMarkers": false,
            "percentileValue1": null,
            "percentileValue2": null,
            "percentileValue3": null,
            "percentileValue4": null,
            "isShowLogYAxis": false,
            "resolution": null,
            "dataFetchSize": null,
            "percentileLine": null,
            "timeRangeInterval": null,
            "pollingInterval": null,
            "unit": 0,
            "isRawQuery": false,
            "viewState": null,
            "gridState": null,
            "slmConfigId": null,
            "bjId": null,
            "showInverse": false,
            "showHealth": false,
            "align": "center",
            "compareToOption": "Previous period",
            "trailingPeriod": 1,
            "trailingPeriodUnit": "Hours",
            "isIncreaseGood": null,
            "numberFormatOption": "Automatic",
            "showUnivariateLabel": true
        },
        {
            "widgetType": "AnalyticsWidget",
            "title": "WmCodeValue = 101",
            "height": 183,
            "width": 248,
            "minHeight": 2,
            "minWidth": 2,
            "x": 1612,
            "y": 18,
            "label": "",
            "description": "",
            "drillDownUrl": "",
            "useMetricBrowserAsDrillDown": false,
            "drillDownActionType": null,
            "backgroundColor": 16777215,
            "backgroundColors": null,
            "backgroundColorsStr": null,
            "color": 1646891,
            "fontSize": 12,
            "useAutomaticFontSize": false,
            "borderEnabled": false,
            "borderThickness": 0,
            "borderColor": 0,
            "backgroundAlpha": 1,
            "showValues": false,
            "formatNumber": true,
            "numDecimals": 2,
            "removeZeros": true,
            "compactMode": false,
            "showTimeRange": false,
            "renderIn3D": false,
            "showLegend": false,
            "legendPosition": null,
            "legendColumnCount": null,
            "startTime": null,
            "endTime": null,
            "minutesBeforeAnchorTime": 15,
            "isGlobal": true,
            "propertiesMap": null,
            "dataSeriesTemplates": null,
            "adqlQueryList": [
                "SELECT count(*) FROM transactions WHERE application = \"Autenticacion de Cajeros\" AND segments.userData.WmCodeValue = \"101\""
            ],
            "analyticsWidgetType": "NUMERIC",
            "searchMode": "ADVANCED",
            "isStackingEnabled": false,
            "legendsLayout": null,
            "maxAllowedYAxisFields": 1,
            "maxAllowedXAxisFields": 0,
            "min": null,
            "interval": null,
            "max": null,
            "intervalType": null,
            "maxType": null,
            "minType": null,
            "showMinExtremes": false,
            "showMaxExtremes": false,
            "displayPercentileMarkers": false,
            "percentileValue1": null,
            "percentileValue2": null,
            "percentileValue3": null,
            "percentileValue4": null,
            "isShowLogYAxis": false,
            "resolution": null,
            "dataFetchSize": null,
            "percentileLine": null,
            "timeRangeInterval": null,
            "pollingInterval": null,
            "unit": 0,
            "isRawQuery": false,
            "viewState": null,
            "gridState": null,
            "slmConfigId": null,
            "bjId": null,
            "showInverse": false,
            "showHealth": false,
            "align": "center",
            "compareToOption": "Previous period",
            "trailingPeriod": 1,
            "trailingPeriodUnit": "Days",
            "isIncreaseGood": null,
            "numberFormatOption": "Automatic",
            "showUnivariateLabel": true
        },
        {
            "widgetType": "TextWidget",
            "title": null,
            "height": 37,
            "width": 200,
            "minHeight": 0,
            "minWidth": 0,
            "x": 12,
            "y": 8,
            "label": null,
            "description": null,
            "drillDownUrl": null,
            "useMetricBrowserAsDrillDown": false,
            "drillDownActionType": null,
            "backgroundColor": 16777215,
            "backgroundColors": null,
            "backgroundColorsStr": "16777215,16777215",
            "color": 1646891,
            "fontSize": 16,
            "useAutomaticFontSize": false,
            "borderEnabled": false,
            "borderThickness": 0,
            "borderColor": 14408667,
            "backgroundAlpha": 0,
            "showValues": false,
            "formatNumber": null,
            "numDecimals": 0,
            "removeZeros": null,
            "compactMode": false,
            "showTimeRange": false,
            "renderIn3D": false,
            "showLegend": null,
            "legendPosition": null,
            "legendColumnCount": null,
            "startTime": null,
            "endTime": null,
            "minutesBeforeAnchorTime": 15,
            "isGlobal": true,
            "propertiesMap": null,
            "dataSeriesTemplates": null,
            "text": "<strong>Último Folio</strong>",
            "textAlign": "CENTER",
            "margin": 4
        },
        {
            "widgetType": "EventListWidget",
            "title": null,
            "height": 200,
            "width": 425,
            "minHeight": 0,
            "minWidth": 0,
            "x": 3,
            "y": 295,
            "label": null,
            "description": null,
            "drillDownUrl": null,
            "useMetricBrowserAsDrillDown": true,
            "drillDownActionType": null,
            "backgroundColor": 16777215,
            "backgroundColors": null,
            "backgroundColorsStr": "16777215,16777215",
            "color": 1646891,
            "fontSize": 12,
            "useAutomaticFontSize": false,
            "borderEnabled": false,
            "borderThickness": 0,
            "borderColor": 14408667,
            "backgroundAlpha": 1,
            "showValues": false,
            "formatNumber": null,
            "numDecimals": 0,
            "removeZeros": null,
            "compactMode": false,
            "showTimeRange": false,
            "renderIn3D": false,
            "showLegend": null,
            "legendPosition": null,
            "legendColumnCount": null,
            "startTime": null,
            "endTime": null,
            "minutesBeforeAnchorTime": 15,
            "isGlobal": true,
            "propertiesMap": null,
            "dataSeriesTemplates": null,
            "useTimeline": false,
            "eventFilterTemplate": {
                "applicationName": "Autenticacion de Cajeros",
                "healthRuleNames": null,
                "eventTypes": [
                    "POLICY_OPEN_WARNING",
                    "POLICY_OPEN_CRITICAL",
                    "ANOMALY_OPEN_WARNING",
                    "ANOMALY_OPEN_CRITICAL",
                    "DEADLOCK",
                    "RESOURCE_POOL_LIMIT",
                    "APPLICATION_DEPLOYMENT",
                    "APP_SERVER_RESTART",
                    "CLR_CRASH",
                    "APPLICATION_CONFIG_CHANGE",
                    "APPLICATION_CRASH",
                    "LICENSE",
                    "DISK_SPACE",
                    "CONTROLLER_AGENT_VERSION_INCOMPATIBILITY",
                    "AGENT_CONFIGURATION_ERROR",
                    "DEV_MODE_CONFIG_UPDATE",
                    "CONTROLLER_METRIC_REG_LIMIT_REACHED",
                    "APPLICATION_CRASH"
                ],
                "rsdTypes": null,
                "customEventFilters": null,
                "specificEntityNamesByType": null
            },
            "showSearchBox": false
        },
        {
            "widgetType": "HealthListWidget",
            "title": null,
            "height": 61,
            "width": 77,
            "minHeight": 0,
            "minWidth": 0,
            "x": 323,
            "y": 55,
            "label": null,
            "description": null,
            "drillDownUrl": null,
            "useMetricBrowserAsDrillDown": false,
            "drillDownActionType": null,
            "backgroundColor": 16777215,
            "backgroundColors": null,
            "backgroundColorsStr": "16777215,16777215",
            "color": 1646891,
            "fontSize": 12,
            "useAutomaticFontSize": false,
            "borderEnabled": false,
            "borderThickness": 0,
            "borderColor": 14408667,
            "backgroundAlpha": 0,
            "showValues": false,
            "formatNumber": null,
            "numDecimals": 0,
            "removeZeros": null,
            "compactMode": false,
            "showTimeRange": false,
            "renderIn3D": false,
            "showLegend": null,
            "legendPosition": null,
            "legendColumnCount": null,
            "startTime": null,
            "endTime": null,
            "minutesBeforeAnchorTime": 15,
            "isGlobal": true,
            "propertiesMap": null,
            "dataSeriesTemplates": null,
            "applicationReference": null,
            "entityReferences": [
                {
                    "applicationName": "Autenticacion de Cajeros",
                    "entityType": "APPLICATION",
                    "entityName": "Autenticacion de Cajeros",
                    "scopingEntityType": null,
                    "scopingEntityName": null,
                    "subtype": null
                }
            ],
            "entityType": "APPLICATION",
            "entitySelectionType": "SPECIFIED",
            "iconSize": 18,
            "iconPosition": "LEFT",
            "showSearchBox": false,
            "showList": false,
            "showListHeader": false,
            "showBarPie": false,
            "showPie": true,
            "innerRadius": 0,
            "aggregationType": "RATIO"
        }
    ],
    "warRoom": false,
    "template": false
}