{
    "schemaVersion": null,
    "dashboardFormatVersion": "4.0",
    "name": "TDC.PE2.PUNTOS",
    "description": null,
    "properties": null,
    "templateEntityType": "APPLICATION_COMPONENT_NODE",
    "associatedEntityTemplates": null,
    "minutesBeforeAnchorTime": 5,
    "startDate": null,
    "endDate": null,
    "refreshInterval": 120000,
    "backgroundColor": 15856629,
    "color": 15856629,
    "height": 1200,
    "width": 2860,
    "canvasType": "CANVAS_TYPE_ABSOLUTE",
    "layoutType": "",
    "widgetTemplates": [
        {
            "widgetType": "AnalyticsWidget",
            "title": null,
            "height": 1054,
            "width": 667,
            "minHeight": 2,
            "minWidth": 2,
            "x": 5,
            "y": 145,
            "label": "",
            "description": "",
            "drillDownUrl": "",
            "useMetricBrowserAsDrillDown": false,
            "drillDownActionType": null,
            "backgroundColor": 16777215,
            "backgroundColors": null,
            "backgroundColorsStr": null,
            "color": 1646891,
            "fontSize": 12,
            "useAutomaticFontSize": false,
            "borderEnabled": false,
            "borderThickness": 0,
            "borderColor": 0,
            "backgroundAlpha": 1,
            "showValues": false,
            "formatNumber": true,
            "numDecimals": 2,
            "removeZeros": true,
            "compactMode": false,
            "showTimeRange": false,
            "renderIn3D": false,
            "showLegend": false,
            "legendPosition": null,
            "legendColumnCount": null,
            "startTime": null,
            "endTime": null,
            "minutesBeforeAnchorTime": 15,
            "isGlobal": true,
            "propertiesMap": null,
            "dataSeriesTemplates": null,
            "adqlQueryList": [
                "SELECT distinct (segments.userData.WmCodeValue), segments.userData.WmCodeDesc, segments.userData.issuer, count(*) AS Total FROM transactions WHERE application = \"Corresponsalias\" AND transactionName IN (\"PE2.invoke/PE2.Pub/runGetFolio\", \"PE2.invoke/PE2.Pub/runGetAuth\", \"PE2.invoke/PE2.Pub/runGetAuthAck\", \"PE2.invoke/PE2.Pub/request\") AND segments.userData.WmCodeValue IS NOT NULL AND segments.userData.WmCodeValue NOT IN (\"101\", \"000\", \"100\") AND segments.userData.promType = \"PTS\" AND segments.userData.promType is NOT NULL LIMIT 50"
            ],
            "analyticsWidgetType": "TABLE",
            "searchMode": "ADVANCED",
            "isStackingEnabled": false,
            "legendsLayout": null,
            "maxAllowedYAxisFields": 10,
            "maxAllowedXAxisFields": 10,
            "min": null,
            "interval": null,
            "max": null,
            "intervalType": null,
            "maxType": null,
            "minType": null,
            "showMinExtremes": false,
            "showMaxExtremes": false,
            "displayPercentileMarkers": false,
            "percentileValue1": null,
            "percentileValue2": null,
            "percentileValue3": null,
            "percentileValue4": null,
            "isShowLogYAxis": false,
            "resolution": null,
            "dataFetchSize": null,
            "percentileLine": null,
            "timeRangeInterval": null,
            "pollingInterval": null,
            "unit": 0,
            "isRawQuery": true,
            "viewState": "{\"columns\":[{\"name\":\"segments.userData.WmCodeDesc_1\",\"width\":\"*\",\"sort\":{}},{\"name\":\"segments.userData.WmCodeValue_0\",\"width\":\"*\",\"sort\":{}},{\"name\":\"segments.userData.issuer_2\",\"width\":\"*\",\"sort\":{}},{\"name\":\"count_*_3\",\"width\":\"*\",\"sort\":{\"priority\":0,\"direction\":\"desc\"}}],\"scrollFocus\":{},\"selection\":[],\"grouping\":{},\"treeView\":{},\"pagination\":{\"paginationCurrentPage\":1,\"paginationPageSize\":50}}",
            "gridState": null,
            "slmConfigId": null,
            "bjId": null,
            "showInverse": false,
            "showHealth": false,
            "align": "center",
            "compareToOption": null,
            "trailingPeriod": null,
            "trailingPeriodUnit": null,
            "isIncreaseGood": null,
            "numberFormatOption": null,
            "showUnivariateLabel": true
        },
        {
            "widgetType": "AnalyticsWidget",
            "title": "Códigos diferentes a 101",
            "height": 293,
            "width": 1000,
            "minHeight": 2,
            "minWidth": 2,
            "x": 678,
            "y": 579,
            "label": "",
            "description": "",
            "drillDownUrl": "",
            "useMetricBrowserAsDrillDown": false,
            "drillDownActionType": null,
            "backgroundColor": 16777215,
            "backgroundColors": null,
            "backgroundColorsStr": null,
            "color": 1646891,
            "fontSize": 12,
            "useAutomaticFontSize": false,
            "borderEnabled": false,
            "borderThickness": 0,
            "borderColor": 0,
            "backgroundAlpha": 1,
            "showValues": false,
            "formatNumber": true,
            "numDecimals": 2,
            "removeZeros": true,
            "compactMode": false,
            "showTimeRange": false,
            "renderIn3D": false,
            "showLegend": false,
            "legendPosition": null,
            "legendColumnCount": null,
            "startTime": null,
            "endTime": null,
            "minutesBeforeAnchorTime": 15,
            "isGlobal": true,
            "propertiesMap": null,
            "dataSeriesTemplates": null,
            "adqlQueryList": [
                "SELECT series(eventTimestamp, \"1m\"), WmCodeValue, count(*) FROM correlaciontdcpe2 WHERE WmCodeValue != \"101\" AND promType = \"PTS\" and promType is NOT NULL"
            ],
            "analyticsWidgetType": "AREA",
            "searchMode": "ADVANCED",
            "isStackingEnabled": true,
            "legendsLayout": "VERTICAL",
            "maxAllowedYAxisFields": 3,
            "maxAllowedXAxisFields": 1,
            "min": null,
            "interval": null,
            "max": null,
            "intervalType": null,
            "maxType": null,
            "minType": null,
            "showMinExtremes": false,
            "showMaxExtremes": false,
            "displayPercentileMarkers": false,
            "percentileValue1": null,
            "percentileValue2": null,
            "percentileValue3": null,
            "percentileValue4": null,
            "isShowLogYAxis": false,
            "resolution": null,
            "dataFetchSize": null,
            "percentileLine": null,
            "timeRangeInterval": null,
            "pollingInterval": null,
            "unit": 0,
            "isRawQuery": false,
            "viewState": null,
            "gridState": null,
            "slmConfigId": null,
            "bjId": null,
            "showInverse": false,
            "showHealth": false,
            "align": "center",
            "compareToOption": null,
            "trailingPeriod": null,
            "trailingPeriodUnit": null,
            "isIncreaseGood": null,
            "numberFormatOption": null,
            "showUnivariateLabel": true
        },
        {
            "widgetType": "AnalyticsWidget",
            "title": "Errores por Plaza",
            "height": 296,
            "width": 1093,
            "minHeight": 2,
            "minWidth": 2,
            "x": 1703,
            "y": 904,
            "label": "",
            "description": "",
            "drillDownUrl": "",
            "useMetricBrowserAsDrillDown": false,
            "drillDownActionType": null,
            "backgroundColor": 16777215,
            "backgroundColors": null,
            "backgroundColorsStr": null,
            "color": 3342336,
            "fontSize": 12,
            "useAutomaticFontSize": false,
            "borderEnabled": false,
            "borderThickness": 0,
            "borderColor": 0,
            "backgroundAlpha": 1,
            "showValues": false,
            "formatNumber": true,
            "numDecimals": 2,
            "removeZeros": true,
            "compactMode": false,
            "showTimeRange": false,
            "renderIn3D": false,
            "showLegend": false,
            "legendPosition": null,
            "legendColumnCount": null,
            "startTime": null,
            "endTime": null,
            "minutesBeforeAnchorTime": 15,
            "isGlobal": true,
            "propertiesMap": null,
            "dataSeriesTemplates": null,
            "adqlQueryList": [
                "SELECT series(eventTimestamp, \"1m\"), plaza, count(*) FROM correlaciontdcpe2 WHERE WmCodeValue != \"101\" AND VmCodeValue != \"000\" AND WmCodeValue IS NOT NULL AND VmCodeValue IS NOT NULL AND promType = \"PTS\" AND promType IS NOT NULL LIMIT 4, 1, 4"
            ],
            "analyticsWidgetType": "AREA",
            "searchMode": "ADVANCED",
            "isStackingEnabled": false,
            "legendsLayout": "VERTICAL",
            "maxAllowedYAxisFields": 3,
            "maxAllowedXAxisFields": 1,
            "min": null,
            "interval": null,
            "max": null,
            "intervalType": null,
            "maxType": null,
            "minType": null,
            "showMinExtremes": false,
            "showMaxExtremes": false,
            "displayPercentileMarkers": false,
            "percentileValue1": null,
            "percentileValue2": null,
            "percentileValue3": null,
            "percentileValue4": null,
            "isShowLogYAxis": false,
            "resolution": null,
            "dataFetchSize": null,
            "percentileLine": null,
            "timeRangeInterval": null,
            "pollingInterval": null,
            "unit": 0,
            "isRawQuery": false,
            "viewState": null,
            "gridState": null,
            "slmConfigId": null,
            "bjId": null,
            "showInverse": false,
            "showHealth": false,
            "align": "center",
            "compareToOption": null,
            "trailingPeriod": null,
            "trailingPeriodUnit": null,
            "isIncreaseGood": null,
            "numberFormatOption": null,
            "showUnivariateLabel": true
        },
        {
            "widgetType": "AnalyticsWidget",
            "title": "Errores por Banco",
            "height": 297,
            "width": 1000,
            "minHeight": 2,
            "minWidth": 2,
            "x": 678,
            "y": 901,
            "label": "",
            "description": "",
            "drillDownUrl": "",
            "useMetricBrowserAsDrillDown": false,
            "drillDownActionType": null,
            "backgroundColor": 16777215,
            "backgroundColors": null,
            "backgroundColorsStr": null,
            "color": 3342336,
            "fontSize": 12,
            "useAutomaticFontSize": false,
            "borderEnabled": false,
            "borderThickness": 0,
            "borderColor": 0,
            "backgroundAlpha": 1,
            "showValues": false,
            "formatNumber": true,
            "numDecimals": 2,
            "removeZeros": true,
            "compactMode": false,
            "showTimeRange": false,
            "renderIn3D": false,
            "showLegend": false,
            "legendPosition": null,
            "legendColumnCount": null,
            "startTime": null,
            "endTime": null,
            "minutesBeforeAnchorTime": 15,
            "isGlobal": true,
            "propertiesMap": null,
            "dataSeriesTemplates": null,
            "adqlQueryList": [
                "SELECT series(eventTimestamp, \"1m\"), issuer, count(*) FROM correlaciontdcpe2 WHERE WmCodeValue != \"101\" AND VmCodeValue != \"000\" AND WmCodeValue IS NOT NULL AND VmCodeValue IS NOT NULL AND promType = \"PTS\" AND promType IS NOT NULL LIMIT 5, 3, 4"
            ],
            "analyticsWidgetType": "AREA",
            "searchMode": "ADVANCED",
            "isStackingEnabled": false,
            "legendsLayout": "VERTICAL",
            "maxAllowedYAxisFields": 3,
            "maxAllowedXAxisFields": 1,
            "min": null,
            "interval": null,
            "max": null,
            "intervalType": null,
            "maxType": null,
            "minType": null,
            "showMinExtremes": false,
            "showMaxExtremes": false,
            "displayPercentileMarkers": false,
            "percentileValue1": null,
            "percentileValue2": null,
            "percentileValue3": null,
            "percentileValue4": null,
            "isShowLogYAxis": false,
            "resolution": null,
            "dataFetchSize": null,
            "percentileLine": null,
            "timeRangeInterval": null,
            "pollingInterval": null,
            "unit": 0,
            "isRawQuery": false,
            "viewState": null,
            "gridState": null,
            "slmConfigId": null,
            "bjId": null,
            "showInverse": false,
            "showHealth": false,
            "align": "center",
            "compareToOption": null,
            "trailingPeriod": null,
            "trailingPeriodUnit": null,
            "isIncreaseGood": null,
            "numberFormatOption": null,
            "showUnivariateLabel": true
        },
        {
            "widgetType": "AnalyticsWidget",
            "title": "Códigos en Confirmación",
            "height": 293,
            "width": 1095,
            "minHeight": 2,
            "minWidth": 2,
            "x": 1700,
            "y": 585,
            "label": "",
            "description": "",
            "drillDownUrl": "",
            "useMetricBrowserAsDrillDown": false,
            "drillDownActionType": null,
            "backgroundColor": 16777215,
            "backgroundColors": null,
            "backgroundColorsStr": null,
            "color": 1646891,
            "fontSize": 12,
            "useAutomaticFontSize": false,
            "borderEnabled": false,
            "borderThickness": 0,
            "borderColor": 0,
            "backgroundAlpha": 1,
            "showValues": false,
            "formatNumber": true,
            "numDecimals": 2,
            "removeZeros": true,
            "compactMode": false,
            "showTimeRange": false,
            "renderIn3D": false,
            "showLegend": false,
            "legendPosition": null,
            "legendColumnCount": null,
            "startTime": null,
            "endTime": null,
            "minutesBeforeAnchorTime": 15,
            "isGlobal": true,
            "propertiesMap": null,
            "dataSeriesTemplates": null,
            "adqlQueryList": [
                "SELECT distinct (WmCodeValue), WmCodeDesc, issuer, count(*) AS Total FROM correlaciontdcpe2 WHERE promType = \"PTS\" AND promType is NOT NULL AND WmCodeValue is NOT NULL"
            ],
            "analyticsWidgetType": "TABLE",
            "searchMode": "ADVANCED",
            "isStackingEnabled": false,
            "legendsLayout": null,
            "maxAllowedYAxisFields": 10,
            "maxAllowedXAxisFields": 10,
            "min": null,
            "interval": null,
            "max": null,
            "intervalType": null,
            "maxType": null,
            "minType": null,
            "showMinExtremes": false,
            "showMaxExtremes": false,
            "displayPercentileMarkers": false,
            "percentileValue1": null,
            "percentileValue2": null,
            "percentileValue3": null,
            "percentileValue4": null,
            "isShowLogYAxis": false,
            "resolution": null,
            "dataFetchSize": null,
            "percentileLine": null,
            "timeRangeInterval": null,
            "pollingInterval": null,
            "unit": 0,
            "isRawQuery": true,
            "viewState": "{\"columns\":[{\"name\":\"WmCodeValue_0\",\"width\":\"*\",\"sort\":{}},{\"name\":\"WmCodeDesc_1\",\"width\":\"*\",\"sort\":{}},{\"name\":\"issuer_2\",\"width\":\"*\",\"sort\":{}},{\"name\":\"count_*_3\",\"width\":\"*\",\"sort\":{}}],\"scrollFocus\":{},\"selection\":[],\"grouping\":{},\"treeView\":{},\"pagination\":{\"paginationCurrentPage\":1,\"paginationPageSize\":50}}",
            "gridState": null,
            "slmConfigId": null,
            "bjId": null,
            "showInverse": false,
            "showHealth": false,
            "align": "center",
            "compareToOption": null,
            "trailingPeriod": null,
            "trailingPeriodUnit": null,
            "isIncreaseGood": null,
            "numberFormatOption": null,
            "showUnivariateLabel": true
        },
        {
            "widgetType": "AnalyticsWidget",
            "title": "Códigos en Autorización",
            "height": 295,
            "width": 1097,
            "minHeight": 2,
            "minWidth": 2,
            "x": 1698,
            "y": 264,
            "label": "",
            "description": "",
            "drillDownUrl": "",
            "useMetricBrowserAsDrillDown": false,
            "drillDownActionType": null,
            "backgroundColor": 16777215,
            "backgroundColors": null,
            "backgroundColorsStr": null,
            "color": 1646891,
            "fontSize": 12,
            "useAutomaticFontSize": false,
            "borderEnabled": false,
            "borderThickness": 0,
            "borderColor": 0,
            "backgroundAlpha": 1,
            "showValues": false,
            "formatNumber": true,
            "numDecimals": 2,
            "removeZeros": true,
            "compactMode": false,
            "showTimeRange": false,
            "renderIn3D": false,
            "showLegend": false,
            "legendPosition": null,
            "legendColumnCount": null,
            "startTime": null,
            "endTime": null,
            "minutesBeforeAnchorTime": 15,
            "isGlobal": true,
            "propertiesMap": null,
            "dataSeriesTemplates": null,
            "adqlQueryList": [
                "SELECT distinct (segments.userData.WmCodeValue), segments.userData.issuer, segments.userData.WmCodeDesc, count(*) AS Total FROM transactions WHERE application = \"Corresponsalias\" AND transactionName = \"PE2.invoke/PE2.Pub/runGetAuth\" AND segments.userData.promType = \"PTS\" AND segments.userData.promType is NOT NULL"
            ],
            "analyticsWidgetType": "TABLE",
            "searchMode": "ADVANCED",
            "isStackingEnabled": false,
            "legendsLayout": null,
            "maxAllowedYAxisFields": 10,
            "maxAllowedXAxisFields": 10,
            "min": null,
            "interval": null,
            "max": null,
            "intervalType": null,
            "maxType": null,
            "minType": null,
            "showMinExtremes": false,
            "showMaxExtremes": false,
            "displayPercentileMarkers": false,
            "percentileValue1": null,
            "percentileValue2": null,
            "percentileValue3": null,
            "percentileValue4": null,
            "isShowLogYAxis": false,
            "resolution": null,
            "dataFetchSize": null,
            "percentileLine": null,
            "timeRangeInterval": null,
            "pollingInterval": null,
            "unit": 0,
            "isRawQuery": true,
            "viewState": "{\"columns\":[{\"name\":\"segments.userData.WmCodeValue_0\",\"width\":\"*\",\"sort\":{}},{\"name\":\"segments.userData.issuer_1\",\"width\":\"*\",\"sort\":{}},{\"name\":\"segments.userData.WmCodeDesc_2\",\"width\":\"*\",\"sort\":{}},{\"name\":\"count_*_3\",\"width\":\"*\",\"sort\":{}}],\"scrollFocus\":{},\"selection\":[],\"grouping\":{},\"treeView\":{},\"pagination\":{\"paginationCurrentPage\":1,\"paginationPageSize\":50}}",
            "gridState": null,
            "slmConfigId": null,
            "bjId": null,
            "showInverse": false,
            "showHealth": false,
            "align": "center",
            "compareToOption": null,
            "trailingPeriod": null,
            "trailingPeriodUnit": null,
            "isIncreaseGood": null,
            "numberFormatOption": null,
            "showUnivariateLabel": true
        },
        {
            "widgetType": "AnalyticsWidget",
            "title": "CorrelacionTDCPE2",
            "height": 231,
            "width": 994,
            "minHeight": 0,
            "minWidth": 0,
            "x": 682,
            "y": 11,
            "label": "",
            "description": "",
            "drillDownUrl": "",
            "useMetricBrowserAsDrillDown": false,
            "drillDownActionType": null,
            "backgroundColor": 16777215,
            "backgroundColors": null,
            "backgroundColorsStr": null,
            "color": 0,
            "fontSize": 0,
            "useAutomaticFontSize": false,
            "borderEnabled": false,
            "borderThickness": 0,
            "borderColor": 0,
            "backgroundAlpha": 1,
            "showValues": false,
            "formatNumber": true,
            "numDecimals": 2,
            "removeZeros": true,
            "compactMode": false,
            "showTimeRange": false,
            "renderIn3D": false,
            "showLegend": false,
            "legendPosition": null,
            "legendColumnCount": null,
            "startTime": null,
            "endTime": null,
            "minutesBeforeAnchorTime": 0,
            "isGlobal": true,
            "propertiesMap": null,
            "dataSeriesTemplates": null,
            "adqlQueryList": [
                "SELECT * FROM "
            ],
            "analyticsWidgetType": "BJ",
            "searchMode": null,
            "isStackingEnabled": null,
            "legendsLayout": null,
            "maxAllowedYAxisFields": 0,
            "maxAllowedXAxisFields": 0,
            "min": null,
            "interval": null,
            "max": null,
            "intervalType": null,
            "maxType": null,
            "minType": null,
            "showMinExtremes": null,
            "showMaxExtremes": null,
            "displayPercentileMarkers": null,
            "percentileValue1": null,
            "percentileValue2": null,
            "percentileValue3": null,
            "percentileValue4": null,
            "isShowLogYAxis": null,
            "resolution": null,
            "dataFetchSize": null,
            "percentileLine": null,
            "timeRangeInterval": null,
            "pollingInterval": null,
            "unit": null,
            "isRawQuery": null,
            "viewState": null,
            "gridState": null,
            "slmConfigId": null,
            "bjId": "AXRbidlhVOgAe-T2Pg7z",
            "showInverse": false,
            "showHealth": false,
            "align": "center",
            "compareToOption": null,
            "trailingPeriod": null,
            "trailingPeriodUnit": null,
            "isIncreaseGood": null,
            "numberFormatOption": null,
            "showUnivariateLabel": true
        },
        {
            "widgetType": "AnalyticsWidget",
            "title": "Códigos diferentes a 000",
            "height": 299,
            "width": 997,
            "minHeight": 2,
            "minWidth": 2,
            "x": 681,
            "y": 261,
            "label": "",
            "description": "",
            "drillDownUrl": "",
            "useMetricBrowserAsDrillDown": false,
            "drillDownActionType": null,
            "backgroundColor": 16777215,
            "backgroundColors": null,
            "backgroundColorsStr": null,
            "color": 1646891,
            "fontSize": 12,
            "useAutomaticFontSize": false,
            "borderEnabled": false,
            "borderThickness": 0,
            "borderColor": 0,
            "backgroundAlpha": 1,
            "showValues": false,
            "formatNumber": true,
            "numDecimals": 2,
            "removeZeros": true,
            "compactMode": false,
            "showTimeRange": false,
            "renderIn3D": false,
            "showLegend": false,
            "legendPosition": null,
            "legendColumnCount": null,
            "startTime": null,
            "endTime": null,
            "minutesBeforeAnchorTime": 15,
            "isGlobal": true,
            "propertiesMap": null,
            "dataSeriesTemplates": null,
            "adqlQueryList": [
                "SELECT series(eventTimestamp, \"1m\"), VmCodeValue, count(*) FROM correlaciontdcpe2 WHERE VmCodeValue != \"000\" AND promType = \"PTS\" and promType is NOT NULL"
            ],
            "analyticsWidgetType": "AREA",
            "searchMode": "ADVANCED",
            "isStackingEnabled": true,
            "legendsLayout": "VERTICAL",
            "maxAllowedYAxisFields": 3,
            "maxAllowedXAxisFields": 1,
            "min": null,
            "interval": null,
            "max": null,
            "intervalType": null,
            "maxType": null,
            "minType": null,
            "showMinExtremes": false,
            "showMaxExtremes": false,
            "displayPercentileMarkers": false,
            "percentileValue1": null,
            "percentileValue2": null,
            "percentileValue3": null,
            "percentileValue4": null,
            "isShowLogYAxis": false,
            "resolution": null,
            "dataFetchSize": null,
            "percentileLine": null,
            "timeRangeInterval": null,
            "pollingInterval": null,
            "unit": 0,
            "isRawQuery": false,
            "viewState": null,
            "gridState": null,
            "slmConfigId": null,
            "bjId": null,
            "showInverse": false,
            "showHealth": false,
            "align": "center",
            "compareToOption": null,
            "trailingPeriod": null,
            "trailingPeriodUnit": null,
            "isIncreaseGood": null,
            "numberFormatOption": null,
            "showUnivariateLabel": true
        },
        {
            "widgetType": "AnalyticsWidget",
            "title": "Código 101 en confirmación",
            "height": 244,
            "width": 264,
            "minHeight": 2,
            "minWidth": 2,
            "x": 1692,
            "y": 3,
            "label": "",
            "description": "",
            "drillDownUrl": "",
            "useMetricBrowserAsDrillDown": false,
            "drillDownActionType": null,
            "backgroundColor": 16777215,
            "backgroundColors": null,
            "backgroundColorsStr": null,
            "color": 1646891,
            "fontSize": 12,
            "useAutomaticFontSize": false,
            "borderEnabled": false,
            "borderThickness": 0,
            "borderColor": 0,
            "backgroundAlpha": 1,
            "showValues": false,
            "formatNumber": true,
            "numDecimals": 2,
            "removeZeros": true,
            "compactMode": false,
            "showTimeRange": false,
            "renderIn3D": false,
            "showLegend": false,
            "legendPosition": null,
            "legendColumnCount": null,
            "startTime": null,
            "endTime": null,
            "minutesBeforeAnchorTime": 15,
            "isGlobal": true,
            "propertiesMap": null,
            "dataSeriesTemplates": null,
            "adqlQueryList": [
                "SELECT count(*) AS \"Compara un Minuto Antes\" FROM correlaciontdcpe2 WHERE WmCodeValue = \"101\" AND promType = \"PTS\" AND promType IS NOT NULL"
            ],
            "analyticsWidgetType": "NUMERIC",
            "searchMode": "ADVANCED",
            "isStackingEnabled": false,
            "legendsLayout": null,
            "maxAllowedYAxisFields": 1,
            "maxAllowedXAxisFields": 0,
            "min": null,
            "interval": null,
            "max": null,
            "intervalType": null,
            "maxType": null,
            "minType": null,
            "showMinExtremes": false,
            "showMaxExtremes": false,
            "displayPercentileMarkers": false,
            "percentileValue1": null,
            "percentileValue2": null,
            "percentileValue3": null,
            "percentileValue4": null,
            "isShowLogYAxis": false,
            "resolution": null,
            "dataFetchSize": null,
            "percentileLine": null,
            "timeRangeInterval": null,
            "pollingInterval": null,
            "unit": 0,
            "isRawQuery": false,
            "viewState": null,
            "gridState": null,
            "slmConfigId": null,
            "bjId": null,
            "showInverse": false,
            "showHealth": false,
            "align": "center",
            "compareToOption": "Previous period",
            "trailingPeriod": 1,
            "trailingPeriodUnit": "Mins",
            "isIncreaseGood": null,
            "numberFormatOption": "Automatic",
            "showUnivariateLabel": true
        },
        {
            "widgetType": "HealthListWidget",
            "title": null,
            "height": 44,
            "width": 75,
            "minHeight": 0,
            "minWidth": 0,
            "x": 1600,
            "y": 265,
            "label": null,
            "description": null,
            "drillDownUrl": null,
            "useMetricBrowserAsDrillDown": false,
            "drillDownActionType": null,
            "backgroundColor": 16777215,
            "backgroundColors": null,
            "backgroundColorsStr": "16777215,16777215",
            "color": 1646891,
            "fontSize": 12,
            "useAutomaticFontSize": false,
            "borderEnabled": false,
            "borderThickness": 0,
            "borderColor": 14408667,
            "backgroundAlpha": 0,
            "showValues": false,
            "formatNumber": null,
            "numDecimals": 0,
            "removeZeros": null,
            "compactMode": false,
            "showTimeRange": false,
            "renderIn3D": false,
            "showLegend": null,
            "legendPosition": null,
            "legendColumnCount": null,
            "startTime": null,
            "endTime": null,
            "minutesBeforeAnchorTime": 15,
            "isGlobal": true,
            "propertiesMap": null,
            "dataSeriesTemplates": null,
            "applicationReference": {
                "applicationName": "AppDynamics Analytics-2",
                "entityType": "APPLICATION",
                "entityName": "AppDynamics Analytics-2",
                "scopingEntityType": null,
                "scopingEntityName": null,
                "subtype": null
            },
            "entityReferences": [
                {
                    "applicationName": "AppDynamics Analytics-2",
                    "entityType": "POLICY",
                    "entityName": "TDC.PORCENTAJE.EFECTIVIDAD.AUTORIZACION.PTS",
                    "scopingEntityType": null,
                    "scopingEntityName": null,
                    "subtype": null
                }
            ],
            "entityType": "POLICY",
            "entitySelectionType": "SPECIFIED",
            "iconSize": 18,
            "iconPosition": "LEFT",
            "showSearchBox": false,
            "showList": false,
            "showListHeader": false,
            "showBarPie": false,
            "showPie": true,
            "innerRadius": 55,
            "aggregationType": "RATIO"
        },
        {
            "widgetType": "HealthListWidget",
            "title": null,
            "height": 44,
            "width": 75,
            "minHeight": 0,
            "minWidth": 0,
            "x": 1600,
            "y": 585,
            "label": null,
            "description": null,
            "drillDownUrl": null,
            "useMetricBrowserAsDrillDown": false,
            "drillDownActionType": null,
            "backgroundColor": 16777215,
            "backgroundColors": null,
            "backgroundColorsStr": "16777215,16777215",
            "color": 1646891,
            "fontSize": 12,
            "useAutomaticFontSize": false,
            "borderEnabled": false,
            "borderThickness": 0,
            "borderColor": 14408667,
            "backgroundAlpha": 0,
            "showValues": false,
            "formatNumber": null,
            "numDecimals": 0,
            "removeZeros": null,
            "compactMode": false,
            "showTimeRange": false,
            "renderIn3D": false,
            "showLegend": null,
            "legendPosition": null,
            "legendColumnCount": null,
            "startTime": null,
            "endTime": null,
            "minutesBeforeAnchorTime": 15,
            "isGlobal": true,
            "propertiesMap": null,
            "dataSeriesTemplates": null,
            "applicationReference": {
                "applicationName": "AppDynamics Analytics-2",
                "entityType": "APPLICATION",
                "entityName": "AppDynamics Analytics-2",
                "scopingEntityType": null,
                "scopingEntityName": null,
                "subtype": null
            },
            "entityReferences": [
                {
                    "applicationName": "AppDynamics Analytics-2",
                    "entityType": "POLICY",
                    "entityName": "TDC.PORCENTAJE.EFECTIVIDAD.CONFIRMACION.PTS",
                    "scopingEntityType": null,
                    "scopingEntityName": null,
                    "subtype": null
                }
            ],
            "entityType": "POLICY",
            "entitySelectionType": "SPECIFIED",
            "iconSize": 18,
            "iconPosition": "LEFT",
            "showSearchBox": false,
            "showList": false,
            "showListHeader": false,
            "showBarPie": false,
            "showPie": true,
            "innerRadius": 55,
            "aggregationType": "RATIO"
        },
        {
            "widgetType": "GraphWidget",
            "title": null,
            "height": 247,
            "width": 427,
            "minHeight": 0,
            "minWidth": 0,
            "x": 1966,
            "y": 4,
            "label": null,
            "description": null,
            "drillDownUrl": null,
            "useMetricBrowserAsDrillDown": true,
            "drillDownActionType": null,
            "backgroundColor": 16777215,
            "backgroundColors": null,
            "backgroundColorsStr": "16777215,16777215",
            "color": 1646891,
            "fontSize": 12,
            "useAutomaticFontSize": false,
            "borderEnabled": false,
            "borderThickness": 0,
            "borderColor": 14408667,
            "backgroundAlpha": 1,
            "showValues": false,
            "formatNumber": null,
            "numDecimals": 0,
            "removeZeros": null,
            "compactMode": false,
            "showTimeRange": false,
            "renderIn3D": false,
            "showLegend": true,
            "legendPosition": "POSITION_BOTTOM",
            "legendColumnCount": 1,
            "startTime": null,
            "endTime": null,
            "minutesBeforeAnchorTime": 15,
            "isGlobal": true,
            "propertiesMap": null,
            "dataSeriesTemplates": [
                {
                    "seriesType": "LINE",
                    "metricType": "OTHER",
                    "showRawMetricName": false,
                    "colorPalette": null,
                    "name": "Series 1",
                    "metricMatchCriteriaTemplate": {
                        "entityMatchCriteria": null,
                        "metricExpressionTemplate": {
                            "metricExpressionType": "Absolute",
                            "functionType": "VALUE",
                            "displayName": "null",
                            "inputMetricText": false,
                            "inputMetricPath": null,
                            "metricPath": "Analytics|CORRESPONSALIAS.TOTAL.PTS",
                            "scopeEntity": {
                                "applicationName": "AppDynamics Analytics-2",
                                "entityType": "APPLICATION",
                                "entityName": "AppDynamics Analytics-2",
                                "scopingEntityType": null,
                                "scopingEntityName": null,
                                "subtype": null
                            }
                        },
                        "rollupMetricData": false,
                        "expressionString": null,
                        "useActiveBaseline": false,
                        "sortResultsAscending": false,
                        "maxResults": 20,
                        "evaluationScopeType": null,
                        "baselineName": null,
                        "applicationName": "AppDynamics Analytics-2",
                        "metricDisplayNameStyle": "DISPLAY_STYLE_AUTO",
                        "metricDisplayNameCustomFormat": null
                    },
                    "axisPosition": "LEFT"
                }
            ],
            "verticalAxisLabel": null,
            "hideHorizontalAxis": null,
            "horizontalAxisLabel": null,
            "axisType": "LINEAR",
            "stackMode": null,
            "multipleYAxis": null,
            "customVerticalAxisMin": null,
            "customVerticalAxisMax": null,
            "showEvents": null,
            "interpolateDataGaps": false,
            "showAllTooltips": null,
            "staticThresholdList": [],
            "eventFilterTemplate": null
        },
        {
            "widgetType": "TextWidget",
            "title": null,
            "height": 48,
            "width": 264,
            "minHeight": 0,
            "minWidth": 0,
            "x": 2000,
            "y": 5,
            "label": null,
            "description": null,
            "drillDownUrl": null,
            "useMetricBrowserAsDrillDown": false,
            "drillDownActionType": null,
            "backgroundColor": 16777215,
            "backgroundColors": null,
            "backgroundColorsStr": "16777215,16777215",
            "color": 1646891,
            "fontSize": 12,
            "useAutomaticFontSize": false,
            "borderEnabled": false,
            "borderThickness": 0,
            "borderColor": 14408667,
            "backgroundAlpha": 0,
            "showValues": false,
            "formatNumber": null,
            "numDecimals": 0,
            "removeZeros": null,
            "compactMode": false,
            "showTimeRange": false,
            "renderIn3D": false,
            "showLegend": null,
            "legendPosition": null,
            "legendColumnCount": null,
            "startTime": null,
            "endTime": null,
            "minutesBeforeAnchorTime": 15,
            "isGlobal": true,
            "propertiesMap": null,
            "dataSeriesTemplates": null,
            "text": "<strong>Transacciones Exitosas en Confirmación</strong>",
            "textAlign": "CENTER",
            "margin": 4
        },
        {
            "widgetType": "TextWidget",
            "title": null,
            "height": 108,
            "width": 248,
            "minHeight": 0,
            "minWidth": 0,
            "x": 197,
            "y": 11,
            "label": null,
            "description": null,
            "drillDownUrl": null,
            "useMetricBrowserAsDrillDown": false,
            "drillDownActionType": null,
            "backgroundColor": 16777215,
            "backgroundColors": null,
            "backgroundColorsStr": "16777215,16777215",
            "color": 1646891,
            "fontSize": 28,
            "useAutomaticFontSize": false,
            "borderEnabled": false,
            "borderThickness": 0,
            "borderColor": 14408667,
            "backgroundAlpha": 0,
            "showValues": false,
            "formatNumber": null,
            "numDecimals": 0,
            "removeZeros": null,
            "compactMode": false,
            "showTimeRange": false,
            "renderIn3D": false,
            "showLegend": null,
            "legendPosition": null,
            "legendColumnCount": null,
            "startTime": null,
            "endTime": null,
            "minutesBeforeAnchorTime": 15,
            "isGlobal": true,
            "propertiesMap": null,
            "dataSeriesTemplates": null,
            "text": "<strong>COMPRAS CON PUNTOS<strong/>",
            "textAlign": "CENTER",
            "margin": 5
        },
        {
            "widgetType": "GaugeWidget",
            "title": null,
            "height": 200,
            "width": 275,
            "minHeight": 0,
            "minWidth": 0,
            "x": 2400,
            "y": 55,
            "label": null,
            "description": null,
            "drillDownUrl": null,
            "useMetricBrowserAsDrillDown": true,
            "drillDownActionType": null,
            "backgroundColor": 16777215,
            "backgroundColors": null,
            "backgroundColorsStr": "16777215,16777215",
            "color": 1646891,
            "fontSize": 24,
            "useAutomaticFontSize": false,
            "borderEnabled": false,
            "borderThickness": 0,
            "borderColor": 14408667,
            "backgroundAlpha": 0,
            "showValues": true,
            "formatNumber": null,
            "numDecimals": 0,
            "removeZeros": null,
            "compactMode": true,
            "showTimeRange": false,
            "renderIn3D": false,
            "showLegend": null,
            "legendPosition": null,
            "legendColumnCount": null,
            "startTime": null,
            "endTime": null,
            "minutesBeforeAnchorTime": 15,
            "isGlobal": true,
            "propertiesMap": null,
            "dataSeriesTemplates": [
                {
                    "seriesType": "LINE",
                    "metricType": "OTHER",
                    "showRawMetricName": false,
                    "colorPalette": null,
                    "name": "Series 0",
                    "metricMatchCriteriaTemplate": {
                        "entityMatchCriteria": null,
                        "metricExpressionTemplate": {
                            "metricExpressionType": "Boolean",
                            "operator": {
                                "type": "DIVIDE"
                            },
                            "expression1": {
                                "metricExpressionType": "Boolean",
                                "operator": {
                                    "type": "MULTIPLY"
                                },
                                "expression1": {
                                    "metricExpressionType": "Absolute",
                                    "functionType": "VALUE",
                                    "displayName": "exitosos",
                                    "inputMetricText": false,
                                    "inputMetricPath": null,
                                    "metricPath": "Analytics|CORRESPONSALIAS.EXITOSAS.PTS.101",
                                    "scopeEntity": {
                                        "applicationName": "AppDynamics Analytics-2",
                                        "entityType": "APPLICATION",
                                        "entityName": "AppDynamics Analytics-2",
                                        "scopingEntityType": null,
                                        "scopingEntityName": null,
                                        "subtype": null
                                    }
                                },
                                "expression2": {
                                    "metricExpressionType": "Literal",
                                    "literalValue": 100
                                }
                            },
                            "expression2": {
                                "metricExpressionType": "Boolean",
                                "operator": {
                                    "type": "PLUS"
                                },
                                "expression1": {
                                    "metricExpressionType": "Boolean",
                                    "operator": {
                                        "type": "PLUS"
                                    },
                                    "expression1": {
                                        "metricExpressionType": "Absolute",
                                        "functionType": "VALUE",
                                        "displayName": "exitosos",
                                        "inputMetricText": false,
                                        "inputMetricPath": null,
                                        "metricPath": "Analytics|CORRESPONSALIAS.EXITOSAS.PTS.101",
                                        "scopeEntity": {
                                            "applicationName": "AppDynamics Analytics-2",
                                            "entityType": "APPLICATION",
                                            "entityName": "AppDynamics Analytics-2",
                                            "scopingEntityType": null,
                                            "scopingEntityName": null,
                                            "subtype": null
                                        }
                                    },
                                    "expression2": {
                                        "metricExpressionType": "Absolute",
                                        "functionType": "VALUE",
                                        "displayName": "nexitososwmcode",
                                        "inputMetricText": false,
                                        "inputMetricPath": null,
                                        "metricPath": "Analytics|CORRESPONSALIAS.NOEXITOSAS.PTS.WMCODE",
                                        "scopeEntity": {
                                            "applicationName": "AppDynamics Analytics-2",
                                            "entityType": "APPLICATION",
                                            "entityName": "AppDynamics Analytics-2",
                                            "scopingEntityType": null,
                                            "scopingEntityName": null,
                                            "subtype": null
                                        }
                                    }
                                },
                                "expression2": {
                                    "metricExpressionType": "Absolute",
                                    "functionType": "VALUE",
                                    "displayName": "nexitososvmcode",
                                    "inputMetricText": false,
                                    "inputMetricPath": null,
                                    "metricPath": "Analytics|CORRESPONSALIAS.NOEXITOSAS.PTS.VMCODE",
                                    "scopeEntity": {
                                        "applicationName": "AppDynamics Analytics-2",
                                        "entityType": "APPLICATION",
                                        "entityName": "AppDynamics Analytics-2",
                                        "scopingEntityType": null,
                                        "scopingEntityName": null,
                                        "subtype": null
                                    }
                                }
                            }
                        },
                        "rollupMetricData": true,
                        "expressionString": "{exitosos}*(100)/({exitosos}+{nexitososwmcode}+{nexitososvmcode})",
                        "useActiveBaseline": false,
                        "sortResultsAscending": false,
                        "maxResults": 20,
                        "evaluationScopeType": null,
                        "baselineName": null,
                        "applicationName": "AppDynamics Analytics-2",
                        "metricDisplayNameStyle": "DISPLAY_STYLE_AUTO",
                        "metricDisplayNameCustomFormat": null
                    },
                    "axisPosition": null
                }
            ],
            "showLabels": false,
            "showPercentValues": true,
            "useMinMaxValues": true,
            "minValue": 0,
            "maxValue": 100,
            "invertColors": true
        },
        {
            "widgetType": "TextWidget",
            "title": null,
            "height": 57,
            "width": 153,
            "minHeight": 0,
            "minWidth": 0,
            "x": 2400,
            "y": 16,
            "label": null,
            "description": null,
            "drillDownUrl": null,
            "useMetricBrowserAsDrillDown": false,
            "drillDownActionType": null,
            "backgroundColor": 16777215,
            "backgroundColors": null,
            "backgroundColorsStr": "16777215,16777215",
            "color": 1646891,
            "fontSize": 18,
            "useAutomaticFontSize": false,
            "borderEnabled": false,
            "borderThickness": 0,
            "borderColor": 14408667,
            "backgroundAlpha": 0,
            "showValues": false,
            "formatNumber": null,
            "numDecimals": 0,
            "removeZeros": null,
            "compactMode": false,
            "showTimeRange": false,
            "renderIn3D": false,
            "showLegend": null,
            "legendPosition": null,
            "legendColumnCount": null,
            "startTime": null,
            "endTime": null,
            "minutesBeforeAnchorTime": 15,
            "isGlobal": true,
            "propertiesMap": null,
            "dataSeriesTemplates": null,
            "text": "<strong>PORCENTAJE EFECTIVIDAD<strong/>",
            "textAlign": "CENTER",
            "margin": 4
        },
        {
            "widgetType": "HealthListWidget",
            "title": null,
            "height": 50,
            "width": 75,
            "minHeight": 0,
            "minWidth": 0,
            "x": 2600,
            "y": 50,
            "label": null,
            "description": null,
            "drillDownUrl": null,
            "useMetricBrowserAsDrillDown": false,
            "drillDownActionType": null,
            "backgroundColor": 16777215,
            "backgroundColors": null,
            "backgroundColorsStr": "16777215,16777215",
            "color": 1646891,
            "fontSize": 12,
            "useAutomaticFontSize": false,
            "borderEnabled": false,
            "borderThickness": 0,
            "borderColor": 14408667,
            "backgroundAlpha": 0,
            "showValues": false,
            "formatNumber": null,
            "numDecimals": 0,
            "removeZeros": null,
            "compactMode": false,
            "showTimeRange": false,
            "renderIn3D": false,
            "showLegend": null,
            "legendPosition": null,
            "legendColumnCount": null,
            "startTime": null,
            "endTime": null,
            "minutesBeforeAnchorTime": 15,
            "isGlobal": true,
            "propertiesMap": null,
            "dataSeriesTemplates": null,
            "applicationReference": {
                "applicationName": "AppDynamics Analytics-2",
                "entityType": "APPLICATION",
                "entityName": "AppDynamics Analytics-2",
                "scopingEntityType": null,
                "scopingEntityName": null,
                "subtype": null
            },
            "entityReferences": [
                {
                    "applicationName": "AppDynamics Analytics-2",
                    "entityType": "POLICY",
                    "entityName": "CORRESPONSALIAS.PTS.PORCENTAJE_EFECTIVIDAD",
                    "scopingEntityType": null,
                    "scopingEntityName": null,
                    "subtype": null
                }
            ],
            "entityType": "POLICY",
            "entitySelectionType": "SPECIFIED",
            "iconSize": 18,
            "iconPosition": "LEFT",
            "showSearchBox": false,
            "showList": false,
            "showListHeader": false,
            "showBarPie": false,
            "showPie": true,
            "innerRadius": 55,
            "aggregationType": "RATIO"
        },
        {
            "widgetType": "TextWidget",
            "title": null,
            "height": 57,
            "width": 153,
            "minHeight": 0,
            "minWidth": 0,
            "x": 2699,
            "y": 0,
            "label": null,
            "description": null,
            "drillDownUrl": null,
            "useMetricBrowserAsDrillDown": false,
            "drillDownActionType": null,
            "backgroundColor": 16777215,
            "backgroundColors": null,
            "backgroundColorsStr": "16777215,16777215",
            "color": 1646891,
            "fontSize": 18,
            "useAutomaticFontSize": false,
            "borderEnabled": false,
            "borderThickness": 0,
            "borderColor": 14408667,
            "backgroundAlpha": 0,
            "showValues": false,
            "formatNumber": null,
            "numDecimals": 0,
            "removeZeros": null,
            "compactMode": false,
            "showTimeRange": false,
            "renderIn3D": false,
            "showLegend": null,
            "legendPosition": null,
            "legendColumnCount": null,
            "startTime": null,
            "endTime": null,
            "minutesBeforeAnchorTime": 15,
            "isGlobal": true,
            "propertiesMap": null,
            "dataSeriesTemplates": null,
            "text": "<strong>Exitosas<strong/>",
            "textAlign": "CENTER",
            "margin": 4
        },
        {
            "widgetType": "TextWidget",
            "title": null,
            "height": 57,
            "width": 153,
            "minHeight": 0,
            "minWidth": 0,
            "x": 2700,
            "y": 128,
            "label": null,
            "description": null,
            "drillDownUrl": null,
            "useMetricBrowserAsDrillDown": false,
            "drillDownActionType": null,
            "backgroundColor": 16777215,
            "backgroundColors": null,
            "backgroundColorsStr": "16777215,16777215",
            "color": 1646891,
            "fontSize": 18,
            "useAutomaticFontSize": false,
            "borderEnabled": false,
            "borderThickness": 0,
            "borderColor": 14408667,
            "backgroundAlpha": 0,
            "showValues": false,
            "formatNumber": null,
            "numDecimals": 0,
            "removeZeros": null,
            "compactMode": false,
            "showTimeRange": false,
            "renderIn3D": false,
            "showLegend": null,
            "legendPosition": null,
            "legendColumnCount": null,
            "startTime": null,
            "endTime": null,
            "minutesBeforeAnchorTime": 15,
            "isGlobal": true,
            "propertiesMap": null,
            "dataSeriesTemplates": null,
            "text": "<strong>No Exitosas<strong/>",
            "textAlign": "CENTER",
            "margin": 4
        },
        {
            "widgetType": "MetricLabelWidget",
            "title": null,
            "height": 77,
            "width": 148,
            "minHeight": 0,
            "minWidth": 0,
            "x": 2698,
            "y": 49,
            "label": null,
            "description": null,
            "drillDownUrl": null,
            "useMetricBrowserAsDrillDown": true,
            "drillDownActionType": null,
            "backgroundColor": 16777215,
            "backgroundColors": null,
            "backgroundColorsStr": "16777215,16777215",
            "color": 1646891,
            "fontSize": 12,
            "useAutomaticFontSize": true,
            "borderEnabled": false,
            "borderThickness": 0,
            "borderColor": 14408667,
            "backgroundAlpha": 0,
            "showValues": false,
            "formatNumber": true,
            "numDecimals": 2,
            "removeZeros": true,
            "compactMode": false,
            "showTimeRange": false,
            "renderIn3D": false,
            "showLegend": null,
            "legendPosition": null,
            "legendColumnCount": null,
            "startTime": null,
            "endTime": null,
            "minutesBeforeAnchorTime": 15,
            "isGlobal": true,
            "propertiesMap": null,
            "dataSeriesTemplates": [
                {
                    "seriesType": "LINE",
                    "metricType": "OTHER",
                    "showRawMetricName": false,
                    "colorPalette": null,
                    "name": "Series 0",
                    "metricMatchCriteriaTemplate": {
                        "entityMatchCriteria": null,
                        "metricExpressionTemplate": {
                            "metricExpressionType": "Absolute",
                            "functionType": "VALUE",
                            "displayName": "null",
                            "inputMetricText": false,
                            "inputMetricPath": null,
                            "metricPath": "Analytics|CORRESPONSALIAS.EXITOSAS.PTS.101",
                            "scopeEntity": {
                                "applicationName": "AppDynamics Analytics-2",
                                "entityType": "APPLICATION",
                                "entityName": "AppDynamics Analytics-2",
                                "scopingEntityType": null,
                                "scopingEntityName": null,
                                "subtype": null
                            }
                        },
                        "rollupMetricData": true,
                        "expressionString": "",
                        "useActiveBaseline": false,
                        "sortResultsAscending": false,
                        "maxResults": 20,
                        "evaluationScopeType": null,
                        "baselineName": null,
                        "applicationName": "AppDynamics Analytics-2",
                        "metricDisplayNameStyle": "DISPLAY_STYLE_AUTO",
                        "metricDisplayNameCustomFormat": null
                    },
                    "axisPosition": null
                }
            ],
            "text": null,
            "textAlign": "RIGHT",
            "margin": 15,
            "showLabel": false
        },
        {
            "widgetType": "MetricLabelWidget",
            "title": null,
            "height": 77,
            "width": 148,
            "minHeight": 0,
            "minWidth": 0,
            "x": 2698,
            "y": 171,
            "label": null,
            "description": null,
            "drillDownUrl": null,
            "useMetricBrowserAsDrillDown": true,
            "drillDownActionType": null,
            "backgroundColor": 16777215,
            "backgroundColors": null,
            "backgroundColorsStr": "16777215,16777215",
            "color": 1646891,
            "fontSize": 12,
            "useAutomaticFontSize": true,
            "borderEnabled": false,
            "borderThickness": 0,
            "borderColor": 14408667,
            "backgroundAlpha": 0,
            "showValues": false,
            "formatNumber": true,
            "numDecimals": 2,
            "removeZeros": true,
            "compactMode": false,
            "showTimeRange": false,
            "renderIn3D": false,
            "showLegend": null,
            "legendPosition": null,
            "legendColumnCount": null,
            "startTime": null,
            "endTime": null,
            "minutesBeforeAnchorTime": 15,
            "isGlobal": true,
            "propertiesMap": null,
            "dataSeriesTemplates": [
                {
                    "seriesType": "LINE",
                    "metricType": "OTHER",
                    "showRawMetricName": false,
                    "colorPalette": null,
                    "name": "Series 0",
                    "metricMatchCriteriaTemplate": {
                        "entityMatchCriteria": null,
                        "metricExpressionTemplate": {
                            "metricExpressionType": "Boolean",
                            "operator": {
                                "type": "PLUS"
                            },
                            "expression1": {
                                "metricExpressionType": "Absolute",
                                "functionType": "VALUE",
                                "displayName": "nexitososwmcode",
                                "inputMetricText": false,
                                "inputMetricPath": null,
                                "metricPath": "Analytics|CORRESPONSALIAS.NOEXITOSAS.PTS.WMCODE",
                                "scopeEntity": {
                                    "applicationName": "AppDynamics Analytics-2",
                                    "entityType": "APPLICATION",
                                    "entityName": "AppDynamics Analytics-2",
                                    "scopingEntityType": null,
                                    "scopingEntityName": null,
                                    "subtype": null
                                }
                            },
                            "expression2": {
                                "metricExpressionType": "Absolute",
                                "functionType": "VALUE",
                                "displayName": "nexitososvmcode",
                                "inputMetricText": false,
                                "inputMetricPath": null,
                                "metricPath": "Analytics|CORRESPONSALIAS.NOEXITOSAS.PTS.VMCODE",
                                "scopeEntity": {
                                    "applicationName": "AppDynamics Analytics-2",
                                    "entityType": "APPLICATION",
                                    "entityName": "AppDynamics Analytics-2",
                                    "scopingEntityType": null,
                                    "scopingEntityName": null,
                                    "subtype": null
                                }
                            }
                        },
                        "rollupMetricData": true,
                        "expressionString": "{nexitososwmcode}+{nexitososvmcode}",
                        "useActiveBaseline": false,
                        "sortResultsAscending": false,
                        "maxResults": 20,
                        "evaluationScopeType": null,
                        "baselineName": null,
                        "applicationName": "AppDynamics Analytics-2",
                        "metricDisplayNameStyle": "DISPLAY_STYLE_AUTO",
                        "metricDisplayNameCustomFormat": null
                    },
                    "axisPosition": null
                }
            ],
            "text": null,
            "textAlign": "RIGHT",
            "margin": 15,
            "showLabel": false
        }
    ],
    "warRoom": false,
    "template": false
}